k,MAE,RMSE
5,0.04729207586412591,0.16439952975016067
20,0.04444787557745908,0.11444160674749881
50,0.026317956499955022,0.056706702243552565
100,0.005872308126844656,0.01198421689431356
