Method,MAE,RMSE
SVD,0.005872308126844656,0.01198421689431356
PCA (Mean Filling),0.005417139149657968,0.011552716378172612
