UserId,Predicted_I1_Part1,Predicted_I2_Part1,Predicted_I1_PCA,Predicted_I2_PCA,I1_Diff,I2_Diff
51,4.0103,4.0103,0.5,0.5,3.5103,3.5103
1,4.4,4.4,0.5,0.5,3.9000000000000004,3.9000000000000004
500,4.0103,4.0103,0.5,0.5,3.5103,3.5103
